area,distance_to_city_center_km,plot_size_sqft,road_width_ft,near_school,near_hospital,zone_type,has_water_supply,has_electricity,avg_price_last_6_months,price
Goner,11.3,4080.57,185.17,False,True,Residential,False,False,45.46,170564.94
Tonk Road,13.79,9641.92,24.27,False,True,Agricultural,False,False,10.18,100223.04
C Scheme,22.14,8599.45,132.22,True,False,Industrial,False,False,22.79,201144.41
Goner,13.81,9058.17,165.22,True,True,Industrial,False,False,41.92,366294.02
Sector 45,7.78,6413.05,151.17,True,True,Residential,False,True,23.35,152607.23
Vaishali Nagar,23.88,8149.94,129.59,True,False,Agricultural,False,False,29.14,238186.49
Jagatpura,24.91,5895.76,175.44,False,True,Agricultural,False,False,30.93,196516.94
Sanganer,12.74,2559.99,43.97,True,False,Agricultural,False,True,27.8,66664.58
Vaishali Nagar,22.8,5124.67,113.34,False,True,Agricultural,True,True,16.05,79822.2
C Scheme,11.18,2808.57,159.11,True,False,Agricultural,False,True,40.97,118534.11
Sector 12,1.05,1485.19,168.45,False,True,Industrial,True,False,16.92,24170.31
Sanganer,15.52,9759.17,39.73,True,False,Industrial,True,True,49.61,498696.61
Goner,4.35,2955.22,68.13,False,True,Agricultural,False,True,48.02,151277.25
Bani Park,22.42,1903.87,113.01,False,True,Residential,True,True,24.06,48244.98
C Scheme,17.23,8931.72,124.17,True,False,Residential,True,False,36.71,343727.38
C Scheme,22.1,9191.33,27.5,True,True,Industrial,True,False,10.79,105328.86
Tonk Road,9.5,9314.13,85.3,False,True,Industrial,True,True,22.7,201580.93
Goner,24.05,759.4,178.16,True,True,Commercial,False,False,44.3,33252.75
Jagatpura,16.86,3535.84,25.03,False,True,Agricultural,False,True,42.85,151384.2
Malviya Nagar,10.36,7475.6,107.2,False,False,Agricultural,True,False,39.89,299654.87
C Scheme,13.67,4431.97,48.17,True,True,Commercial,True,False,19.54,86471.52
Vaishali Nagar,19.08,6021.18,91.6,False,True,Industrial,False,True,43.84,282757.5
Goner,18.56,3501.75,73.41,True,False,Commercial,False,False,33.65,122489.77
Sector 45,3.16,1993.13,113.2,False,False,Industrial,False,False,48.75,98528.05
Sanganer,14.9,8109.58,162.39,True,True,Commercial,True,True,17.65,129481.53
Vaishali Nagar,1.29,3914.34,20.45,True,False,Industrial,True,False,37.79,161005.41
C Scheme,17.92,5595.68,96.17,True,True,Residential,True,True,47.83,258087.85
Jagatpura,18.68,3824.0,186.18,False,False,Industrial,False,False,44.06,151781.79
Goner,21.42,7636.86,24.92,False,False,Industrial,False,False,42.81,304897.94
C Scheme,21.68,6352.07,118.77,True,False,Commercial,True,False,20.31,139138.81
Goner,17.77,7562.96,126.69,False,True,Commercial,False,False,28.1,228752.61
C Scheme,4.83,9213.41,23.45,True,True,Residential,False,True,26.92,224054.94
Sector 12,2.89,4510.73,145.19,True,True,Agricultural,True,False,20.51,83266.53
Goner,7.0,4951.44,123.11,True,False,Residential,True,True,28.36,130633.06
Goner,23.62,8526.97,83.75,False,False,Industrial,True,False,24.88,196017.22
Vaishali Nagar,20.97,2228.14,120.9,True,False,Commercial,True,True,44.35,99192.38
Sanganer,21.43,862.25,132.4,True,False,Agricultural,True,False,44.24,37586.61
Bani Park,20.42,9564.09,123.2,False,False,Residential,False,False,47.63,415617.83
Goner,17.24,1193.62,56.52,True,False,Residential,False,True,42.72,52370.8
Goner,5.96,8904.76,130.14,True,True,Commercial,True,True,45.53,437768.53
Sanganer,13.07,3903.52,198.38,True,False,Industrial,True,False,46.93,166660.26
Vaishali Nagar,16.61,7064.21,142.78,False,False,Industrial,False,False,27.25,180057.56
Bani Park,19.76,7767.16,132.49,False,False,Industrial,True,True,23.18,168986.73
Malviya Nagar,18.69,4413.5,130.32,False,False,Agricultural,True,False,22.47,103401.0
Malviya Nagar,17.01,9176.28,125.09,True,True,Commercial,False,False,29.6,261608.73
Sector 12,18.41,1266.08,87.95,True,False,Agricultural,False,True,11.13,14393.93
Goner,16.78,5764.23,144.96,False,True,Residential,False,False,38.83,215106.31
Tonk Road,18.2,5951.83,99.84,True,False,Residential,False,True,47.15,278094.44
Jagatpura,24.67,2989.57,95.43,False,True,Industrial,False,False,28.31,79754.33
Vaishali Nagar,19.06,4725.34,196.23,True,True,Industrial,True,False,27.31,140324.92
Malviya Nagar,7.29,4284.69,40.51,True,False,Residential,False,True,40.82,166032.91
Vaishali Nagar,16.64,1000.01,15.38,False,False,Agricultural,True,True,21.63,21509.14
C Scheme,8.49,7389.75,95.0,False,False,Industrial,False,True,46.6,350127.71
C Scheme,4.99,4736.07,68.29,True,True,Industrial,False,False,49.26,236095.48
Vaishali Nagar,15.64,3270.16,80.73,True,False,Residential,False,False,12.05,42163.89
Goner,7.17,9388.74,188.18,True,False,Agricultural,False,False,47.55,432050.15
Vaishali Nagar,11.21,8511.97,106.35,True,False,Commercial,True,False,31.31,268963.82
Tonk Road,11.66,6257.96,116.74,True,True,Commercial,True,False,31.73,215225.7
Sector 45,10.0,7104.31,33.24,False,True,Agricultural,True,False,37.21,289652.69
Tonk Road,4.58,8230.32,111.02,False,False,Agricultural,False,True,26.61,207854.71
C Scheme,6.92,6740.08,135.82,False,False,Commercial,False,True,28.3,174175.88
Sanganer,15.86,7389.83,92.68,True,True,Residential,True,True,25.83,197454.22
Sector 45,14.89,5177.9,182.1,True,False,Commercial,True,True,24.32,121337.7
Jagatpura,18.88,9320.88,142.89,True,False,Residential,False,False,48.3,430089.59
Tonk Road,6.78,2862.28,77.64,True,False,Agricultural,True,False,26.94,71813.24
C Scheme,4.56,3144.18,184.31,False,False,Commercial,True,True,40.34,128331.74
Malviya Nagar,14.62,1928.13,39.81,False,False,Industrial,True,False,49.77,95587.33
Jagatpura,23.13,5334.71,95.94,True,False,Agricultural,True,True,33.77,169805.42
Sanganer,23.6,8239.59,27.76,True,True,Commercial,True,True,11.21,97945.17
Jagatpura,21.99,5082.26,98.11,False,False,Commercial,True,True,46.97,256471.9
Goner,2.21,7300.15,81.66,True,False,Residential,True,False,10.08,77824.0
C Scheme,19.97,1990.76,127.32,False,True,Industrial,True,True,17.77,37892.36
Malviya Nagar,17.71,5244.52,152.49,False,True,Industrial,False,True,14.19,72140.48
Malviya Nagar,15.52,3182.85,123.8,False,False,Commercial,False,True,47.59,163564.49
Sector 12,14.4,6748.42,190.18,False,True,Commercial,True,False,39.7,256854.66
C Scheme,10.52,4203.48,87.64,True,False,Industrial,False,False,29.45,118872.73
Tonk Road,12.52,3491.29,87.79,False,False,Industrial,False,True,33.43,112305.17
Sector 45,12.61,7845.98,198.13,True,False,Industrial,False,False,38.91,282501.22
Jagatpura,18.42,1375.83,147.91,True,False,Agricultural,False,True,31.53,45814.96
Sector 12,3.79,4905.52,97.61,False,False,Agricultural,False,True,15.68,69884.7
Jagatpura,2.12,7993.44,57.36,False,False,Agricultural,False,False,28.64,236214.71
Sector 45,24.51,6674.83,111.91,True,False,Commercial,True,True,15.94,106182.99
Tonk Road,16.2,8157.78,30.95,True,True,Commercial,False,False,14.16,115863.49
Bani Park,1.87,3169.55,22.5,True,True,Industrial,True,True,40.29,117251.25
C Scheme,1.04,3857.28,96.82,True,True,Commercial,True,True,30.41,110623.73
Tonk Road,8.37,5464.37,119.11,False,False,Industrial,True,True,47.96,261094.89
Tonk Road,17.31,5879.47,90.96,False,False,Residential,False,True,34.7,188855.01
Tonk Road,4.4,2990.3,72.86,True,False,Commercial,True,True,28.74,85788.65
Sector 12,2.9,3522.58,12.26,False,True,Residential,False,False,39.85,129002.84
Sanganer,19.43,9749.86,178.61,False,False,Residential,True,False,43.03,389746.96
Sector 45,9.01,4423.52,87.05,False,False,Commercial,False,True,38.17,171894.95
Sector 45,21.92,9948.26,150.35,False,True,Agricultural,False,True,14.91,156691.45
C Scheme,7.79,1359.41,75.92,False,True,Residential,True,True,31.74,42100.33
C Scheme,11.62,2049.5,126.29,True,False,Agricultural,True,False,30.62,66969.38
Jagatpura,15.0,5241.56,22.92,True,False,Commercial,False,True,40.74,205040.98
Sanganer,3.44,3131.42,61.6,True,False,Agricultural,False,False,16.41,50848.78
Tonk Road,13.0,7597.64,198.43,True,False,Industrial,True,False,28.23,228376.6
Goner,1.59,4052.47,17.98,False,False,Commercial,True,True,15.85,67463.27
Vaishali Nagar,12.8,3873.06,103.93,False,True,Commercial,True,False,28.04,99504.34
Sector 45,8.03,7049.54,164.2,True,True,Agricultural,False,False,31.63,218103.44
Jagatpura,21.07,7798.15,128.87,True,True,Residential,False,False,31.54,251642.79
Goner,16.26,8094.98,40.81,False,True,Industrial,False,False,43.84,343958.17
Goner,16.89,2579.79,191.29,False,True,Residential,True,True,16.62,45548.88
Malviya Nagar,17.83,4645.85,134.2,False,True,Commercial,False,True,48.61,221284.59
Goner,4.07,6410.11,39.69,False,False,Commercial,True,False,33.81,228646.46
Sector 12,23.72,2696.11,122.02,True,False,Residential,False,True,30.85,84421.87
Sector 12,12.59,8126.29,88.07,False,True,Agricultural,True,True,33.29,262796.28
Jagatpura,14.43,2154.04,40.74,False,True,Commercial,False,True,38.51,84675.3
Tonk Road,7.47,5233.63,127.68,False,False,Residential,True,True,35.93,189111.52
C Scheme,18.81,6531.59,147.1,False,True,Residential,False,False,14.46,99289.25
Sector 12,24.83,7031.29,35.86,False,True,Residential,False,True,35.46,262741.57
Vaishali Nagar,3.56,8673.3,47.45,False,False,Industrial,True,True,39.22,360650.86
C Scheme,11.23,4071.68,103.06,False,False,Industrial,False,True,34.02,136023.89
Vaishali Nagar,18.64,4076.66,16.84,True,False,Agricultural,False,True,44.62,182073.46
Sector 45,18.88,3483.17,22.21,True,False,Industrial,True,True,36.68,131606.98
Vaishali Nagar,13.28,6783.23,53.92,True,True,Residential,True,True,34.81,226366.24
Tonk Road,6.85,4330.75,34.05,True,True,Residential,True,True,44.42,176725.71
Jagatpura,15.27,3025.52,52.01,False,True,Agricultural,False,False,27.33,87892.11
Malviya Nagar,18.6,3764.98,95.3,True,True,Industrial,True,True,41.97,168641.84
Vaishali Nagar,3.64,3996.42,87.48,False,True,Agricultural,False,True,11.33,46534.68
Sanganer,21.43,7095.31,22.68,False,False,Residential,True,True,35.77,251696.42
Malviya Nagar,7.48,1410.21,104.82,True,False,Industrial,False,False,11.71,17439.44
Sector 45,21.66,5464.82,152.68,False,False,Commercial,False,False,47.6,251126.62
Tonk Road,9.95,9929.22,64.75,False,True,Agricultural,True,True,18.48,175980.27
Bani Park,3.08,3393.09,115.38,False,False,Agricultural,False,True,49.3,182507.52
Vaishali Nagar,8.93,6271.44,69.79,False,False,Industrial,True,True,38.3,240363.34
C Scheme,23.83,708.56,172.42,False,True,Residential,False,True,21.32,14988.64
Sector 12,16.76,6720.01,139.32,True,False,Industrial,True,True,23.29,169760.63
Tonk Road,19.17,2300.0,170.53,True,False,Residential,False,False,24.43,50861.16
Bani Park,24.5,1474.94,160.24,False,True,Agricultural,True,True,13.09,20936.32
Sector 45,13.81,1515.86,113.52,False,True,Agricultural,True,False,47.98,78900.8
Sanganer,21.29,1569.77,149.5,True,True,Commercial,True,True,37.36,57915.14
Malviya Nagar,22.4,895.09,185.62,True,False,Commercial,False,False,30.1,25694.86
C Scheme,18.18,1614.37,73.57,True,False,Residential,False,True,30.36,50514.18
Sector 45,19.4,4167.78,179.83,False,True,Residential,True,False,33.23,138164.7
Sector 45,20.85,3068.0,56.2,True,True,Commercial,False,False,37.75,123976.09
Bani Park,22.34,7380.93,72.16,False,True,Industrial,True,True,24.66,169040.99
Sector 45,11.49,2654.67,99.47,False,True,Residential,False,False,49.88,128374.2
Vaishali Nagar,1.07,8489.77,90.83,True,True,Residential,False,True,15.4,123709.82
Goner,8.65,8245.95,70.14,False,False,Residential,False,True,23.99,212526.54
Vaishali Nagar,7.66,2729.59,74.25,True,True,Commercial,False,True,11.91,29978.71
Sector 12,24.39,1392.61,172.9,False,True,Residential,True,False,13.86,18216.77
Jagatpura,23.45,1607.49,98.41,True,False,Commercial,False,True,15.23,25628.9
Malviya Nagar,24.45,5853.15,77.43,False,True,Agricultural,False,True,26.42,156303.69
C Scheme,18.16,4509.68,188.52,False,False,Agricultural,False,False,20.02,83242.1
Sector 12,17.52,9956.63,44.35,True,False,Industrial,True,True,29.89,305231.55
Sanganer,11.76,6381.29,81.8,False,True,Commercial,False,True,21.12,130881.26
Bani Park,11.87,5413.57,145.31,True,True,Industrial,False,True,20.14,101828.21
C Scheme,16.73,3328.85,186.75,True,True,Commercial,False,False,27.67,96027.63
Sector 45,22.86,1559.91,58.05,True,False,Residential,True,True,47.02,76804.03
Sanganer,1.16,9752.77,62.27,True,True,Industrial,False,False,10.5,105861.19
Sector 45,5.55,9051.19,78.29,False,True,Agricultural,True,True,15.71,144872.26
Malviya Nagar,10.25,1954.54,100.92,True,True,Residential,True,False,27.62,54207.25
Bani Park,2.26,3933.11,56.32,False,True,Agricultural,False,False,15.9,68673.14
Vaishali Nagar,24.44,9525.05,190.98,True,False,Commercial,False,False,46.4,425685.03
Malviya Nagar,9.49,3002.56,54.77,False,True,Residential,True,False,30.15,84620.23
Vaishali Nagar,17.33,3115.09,150.48,False,True,Agricultural,False,True,13.16,40831.79
Sanganer,19.07,9986.78,109.47,True,False,Agricultural,True,False,30.07,314132.36
Malviya Nagar,9.22,1847.06,70.41,True,True,Residential,True,False,46.01,87131.7
Sector 45,4.66,5229.11,96.47,False,True,Commercial,True,False,47.37,260148.37
Sector 45,3.49,1150.72,52.74,True,True,Commercial,False,False,19.39,24235.75
Malviya Nagar,20.81,2127.24,199.0,False,False,Commercial,True,True,21.07,40505.55
Sector 45,5.7,3941.79,142.08,True,True,Agricultural,True,True,15.06,59277.68
Vaishali Nagar,16.57,3607.32,79.6,False,False,Industrial,False,False,45.13,156501.72
Sector 12,2.92,4045.57,56.67,False,True,Residential,True,True,14.86,57261.88
C Scheme,24.21,3135.77,194.8,True,False,Commercial,False,True,12.84,42093.92
Sanganer,13.75,9725.9,83.37,True,False,Industrial,False,False,20.53,205633.71
Goner,9.59,4146.22,179.83,False,True,Residential,True,False,17.04,74458.32
Sanganer,20.75,6800.34,197.92,True,True,Industrial,False,False,24.27,162181.06
Bani Park,20.7,3121.44,159.42,False,True,Agricultural,False,True,10.22,34251.17
Malviya Nagar,10.1,2660.23,71.12,False,True,Industrial,False,False,49.23,127388.87
Bani Park,24.45,7332.7,81.81,False,False,Residential,False,False,29.15,223066.16
Sector 12,12.86,2168.57,21.42,True,False,Residential,True,False,41.91,98992.46
Vaishali Nagar,18.17,5812.28,42.49,True,True,Residential,False,False,33.55,186758.42
Sector 45,13.57,3727.63,41.86,True,False,Commercial,True,True,35.97,127023.77
Jagatpura,5.49,3661.79,135.55,False,True,Commercial,False,False,33.57,127269.88
Vaishali Nagar,15.22,2103.13,80.09,True,True,Industrial,False,False,27.19,61109.83
Sanganer,15.06,2032.63,69.5,False,False,Agricultural,False,True,48.89,102069.91
Malviya Nagar,23.37,8203.36,159.48,True,False,Industrial,True,False,33.14,280027.53
Vaishali Nagar,8.1,2792.29,68.39,True,True,Industrial,True,False,45.33,134190.32
Bani Park,12.56,3535.49,89.55,True,False,Industrial,True,False,29.16,96077.34
Goner,17.82,3695.34,195.99,False,False,Residential,False,False,44.58,158463.41
Sector 45,19.56,1054.43,110.36,True,True,Residential,True,True,42.57,44165.99
Sanganer,1.05,7668.16,81.67,True,False,Industrial,False,False,26.1,218659.67
Malviya Nagar,17.09,5083.42,98.26,True,True,Residential,False,False,13.82,72835.93
Sector 12,17.47,5650.13,182.02,True,True,Industrial,True,False,17.52,105147.59
Vaishali Nagar,14.24,5210.92,163.13,True,False,Industrial,True,False,33.11,186868.65
Goner,24.57,2007.43,199.28,False,True,Agricultural,False,False,38.95,73773.19
Jagatpura,14.95,4274.29,131.12,False,False,Agricultural,False,True,29.48,114213.01
Sanganer,23.69,9821.01,162.65,True,True,Industrial,False,True,14.33,127144.8
Bani Park,20.57,7798.42,68.71,True,False,Commercial,False,True,12.28,91221.47
Sector 45,3.13,2842.21,111.08,False,True,Residential,False,True,36.83,112066.92
Tonk Road,13.89,1492.25,81.34,False,False,Industrial,False,False,41.09,64341.7
Sector 12,18.54,3846.51,168.54,False,True,Residential,False,True,45.42,186582.56
Sector 45,0.57,3890.45,189.52,False,True,Agricultural,True,True,26.92,110853.95
C Scheme,21.9,2867.6,14.31,True,False,Industrial,False,True,17.43,49371.94
Sector 12,13.63,4255.25,93.58,False,True,Residential,True,True,19.42,88615.79
Sector 12,0.78,5215.2,89.55,False,False,Commercial,True,False,30.4,149417.6
Jagatpura,9.33,7524.15,134.05,True,True,Residential,True,True,14.7,99959.74
Goner,23.58,8523.36,118.78,False,False,Commercial,True,False,31.37,271572.19
Tonk Road,6.13,8768.96,197.82,True,False,Agricultural,False,True,33.85,275194.82
Malviya Nagar,9.65,9142.71,112.9,True,False,Agricultural,True,False,34.67,310905.46
Jagatpura,19.68,9404.48,97.9,False,True,Commercial,True,False,24.38,248951.63
Malviya Nagar,1.67,6428.21,189.58,True,False,Commercial,True,False,16.51,109732.41
Goner,21.4,7548.41,112.76,True,True,Agricultural,True,False,21.97,167325.69
Tonk Road,1.24,6979.47,115.08,True,False,Agricultural,True,True,32.08,213969.46
Jagatpura,14.95,4634.97,75.09,False,True,Agricultural,True,True,24.98,111593.79
Jagatpura,24.99,723.42,123.63,False,False,Residential,False,False,19.8,15051.3
C Scheme,17.92,9827.17,189.88,False,True,Commercial,False,True,21.12,210491.14
Sanganer,12.14,3180.69,27.16,True,True,Residential,False,False,25.02,80691.17
Sector 12,17.93,1221.9,61.92,False,True,Agricultural,True,False,31.91,42004.65
Sector 45,10.9,1244.27,125.86,False,False,Industrial,False,True,17.99,23977.31
Goner,8.28,505.26,155.42,True,True,Residential,True,False,31.38,16230.37
Vaishali Nagar,17.46,1900.34,145.02,False,True,Agricultural,False,False,25.15,47392.42
Sanganer,9.98,9410.8,106.44,True,True,Agricultural,True,True,19.63,197398.21
C Scheme,4.35,9334.36,57.31,False,True,Agricultural,False,False,31.46,279512.45
C Scheme,1.14,4722.3,23.96,True,True,Residential,False,True,32.79,154674.89
Sanganer,6.92,7281.2,45.01,False,True,Industrial,False,True,32.28,242516.63
Goner,14.24,9707.08,178.84,True,True,Residential,True,False,16.48,154075.9
C Scheme,10.65,7269.76,165.27,True,True,Industrial,True,False,37.81,252505.84
Tonk Road,22.42,9073.58,152.81,False,True,Commercial,True,True,47.57,395429.24
Goner,0.58,5574.25,91.75,True,True,Industrial,True,False,42.0,250059.69
Goner,1.23,4967.2,179.46,True,False,Residential,True,True,45.48,244245.23
Goner,11.15,8682.07,57.9,False,False,Industrial,True,True,20.35,174163.21
Bani Park,13.19,799.96,113.79,False,False,Residential,False,False,10.5,9226.04
Vaishali Nagar,17.91,3329.02,29.34,True,True,Agricultural,True,False,27.95,89890.19
C Scheme,4.6,5795.06,163.58,False,False,Agricultural,True,False,30.41,168145.27
Bani Park,14.79,9848.64,103.66,False,False,Agricultural,True,False,36.83,361049.92
Sector 12,0.54,3306.93,148.07,True,False,Agricultural,True,False,36.97,128597.33
Sector 12,8.39,520.33,99.32,True,True,Agricultural,True,True,31.23,15734.62
Sanganer,3.92,5009.81,158.19,False,True,Agricultural,False,True,20.14,105386.01
Malviya Nagar,1.89,1512.89,16.95,False,True,Residential,False,False,38.21,60032.1
Sanganer,0.56,3461.25,197.06,False,False,Industrial,True,True,42.69,140895.91
Tonk Road,4.68,9358.99,166.89,False,True,Agricultural,False,False,37.66,375877.04
Sector 12,22.69,2470.51,36.23,True,False,Agricultural,True,False,35.23,85336.92
Malviya Nagar,22.46,6538.85,63.95,False,False,Industrial,True,True,36.04,227396.13
Goner,21.74,8400.95,106.98,True,True,Residential,True,True,36.9,307276.12
Sector 45,5.72,9323.71,194.1,False,False,Commercial,False,False,36.92,321941.36
Malviya Nagar,19.42,8680.1,81.21,False,True,Commercial,True,True,49.78,432589.97
Malviya Nagar,24.55,516.11,78.88,False,False,Industrial,False,True,19.62,9242.82
Jagatpura,15.11,8025.4,107.77,True,False,Industrial,True,False,38.52,299834.13
Jagatpura,8.99,1218.84,62.34,False,True,Industrial,False,False,41.16,52668.21
Tonk Road,10.94,7956.95,184.26,False,True,Residential,True,True,25.24,216939.52
C Scheme,16.13,7184.09,131.63,True,False,Residential,True,True,31.51,218492.8
Vaishali Nagar,3.59,3744.15,186.09,True,True,Residential,False,True,25.17,87296.07
Bani Park,13.4,6269.52,178.68,False,False,Industrial,False,False,18.8,111761.08
Sector 12,20.01,4708.9,114.96,True,False,Residential,True,False,12.72,60628.93
Sanganer,16.99,1560.04,12.81,False,False,Industrial,True,False,29.3,49015.18
Jagatpura,10.29,7439.34,170.68,False,True,Commercial,True,True,21.3,156189.43
Bani Park,18.75,8050.46,31.45,True,False,Industrial,False,True,45.01,359992.12
Malviya Nagar,9.45,5825.56,142.17,True,False,Agricultural,True,False,33.15,187585.61
Bani Park,19.29,7647.04,112.84,False,True,Commercial,True,False,39.78,299274.46
Sector 45,5.81,6592.93,113.85,False,True,Residential,True,False,46.28,321851.54
Sector 12,2.23,8654.49,66.25,False,True,Industrial,True,False,17.41,143586.56
Malviya Nagar,6.0,7915.18,29.52,False,True,Residential,True,False,37.92,278344.77
Bani Park,15.76,7324.74,145.44,True,True,Agricultural,True,False,40.01,309679.64
Sanganer,20.01,1440.94,185.5,False,False,Industrial,False,True,38.82,52352.84
Sector 12,12.46,7487.37,43.5,True,True,Commercial,False,True,38.58,272573.92
Tonk Road,23.42,2946.93,176.12,True,False,Industrial,True,True,36.13,97218.25
Sanganer,21.26,5688.23,176.94,False,True,Commercial,True,False,18.1,103493.4
Malviya Nagar,7.24,1432.02,127.87,False,False,Residential,True,False,28.89,41515.91
Tonk Road,24.52,4245.18,179.78,True,False,Residential,False,False,39.08,180204.89
Sanganer,9.59,4587.88,113.35,True,False,Agricultural,True,True,14.39,65609.87
Malviya Nagar,13.74,3087.99,44.24,True,True,Residential,False,False,37.17,109664.17
Goner,23.44,1181.47,142.83,False,False,Residential,False,True,39.15,46315.36
C Scheme,4.53,2892.58,51.95,False,True,Agricultural,True,False,47.31,146461.16
Tonk Road,10.58,5975.32,126.24,False,True,Agricultural,True,False,35.02,194522.01
Sector 12,7.96,2288.61,108.93,False,True,Agricultural,False,True,17.88,39422.12
Sector 45,22.1,6675.46,130.15,False,True,Agricultural,False,False,49.57,302238.69
Sector 12,24.03,9801.51,142.95,False,True,Commercial,True,False,22.26,202748.68
Malviya Nagar,0.78,1172.01,27.58,True,True,Residential,True,False,47.71,56334.79
Sanganer,14.96,6209.61,111.08,False,True,Agricultural,True,False,44.88,297932.96
Goner,12.45,5603.56,114.68,True,False,Commercial,True,True,30.43,183633.45
Vaishali Nagar,2.27,5152.07,72.36,True,False,Commercial,True,False,31.57,169397.41
Jagatpura,2.14,5129.79,48.37,False,True,Agricultural,False,False,10.82,59425.24
Sector 45,13.04,9064.43,189.93,False,True,Industrial,False,False,30.18,268161.98
Malviya Nagar,3.42,9094.54,56.9,False,True,Agricultural,True,False,34.48,282647.67
Goner,7.34,4176.57,148.44,False,False,Agricultural,True,False,39.63,174650.19
Tonk Road,21.64,1414.53,39.68,True,False,Residential,False,True,47.56,71890.8
Bani Park,24.4,9710.76,193.63,False,False,Commercial,True,False,40.48,423416.81
Sanganer,12.45,9007.7,118.91,False,True,Agricultural,False,True,42.51,348307.46
Goner,11.71,7581.15,120.49,False,True,Industrial,False,True,34.32,241021.51
Sector 12,19.79,3899.51,132.59,False,False,Agricultural,True,True,24.03,93040.69
Goner,21.08,7634.28,99.35,False,True,Agricultural,True,False,23.71,167225.38
Sector 45,11.21,3508.64,43.82,False,True,Industrial,True,True,37.09,132894.82
C Scheme,12.01,5776.33,107.72,True,True,Residential,True,True,33.76,208027.79
Goner,18.31,3326.21,151.11,True,False,Commercial,False,True,34.79,107860.3
Sector 12,23.21,9969.29,121.32,True,False,Industrial,False,True,20.18,198656.61
Vaishali Nagar,3.19,2690.91,29.73,True,False,Industrial,True,True,38.85,100754.77
Sector 45,19.1,3768.62,167.99,False,True,Agricultural,True,True,41.77,157916.28
Goner,9.32,5061.03,93.51,True,False,Residential,False,False,34.91,174797.32
Bani Park,21.18,7526.28,70.23,False,False,Residential,True,True,28.98,237501.61
Tonk Road,6.1,7385.57,180.21,True,True,Industrial,True,False,35.46,268517.39
Malviya Nagar,16.18,7409.6,130.18,True,True,Industrial,True,True,34.84,266925.37
Jagatpura,8.16,4857.39,153.76,True,False,Commercial,True,True,28.71,129835.99
Bani Park,4.25,1896.57,33.02,True,False,Agricultural,True,True,10.66,19248.84
Jagatpura,8.15,3918.81,150.38,False,False,Industrial,False,True,44.52,189453.58
Goner,7.7,8366.94,193.46,False,True,Residential,False,True,45.59,360664.8
Sector 45,12.95,3371.76,139.9,True,False,Residential,False,False,10.7,38022.38
Sector 45,6.28,8628.43,86.82,True,False,Residential,True,False,19.86,174654.2
Sector 12,12.18,6820.07,83.05,True,False,Agricultural,False,False,33.08,216455.64
Tonk Road,4.64,3717.23,89.72,False,True,Commercial,False,True,32.41,132083.24
Sanganer,24.43,7856.51,185.23,False,False,Agricultural,False,True,42.92,326538.98
Malviya Nagar,21.55,8905.6,13.98,True,True,Agricultural,True,False,18.21,149697.32
Tonk Road,21.17,9498.51,58.82,True,True,Agricultural,False,False,36.26,343220.94
Tonk Road,10.61,8730.26,136.24,False,True,Agricultural,True,False,22.57,203603.69
Bani Park,18.74,3425.81,117.35,False,True,Commercial,False,True,11.63,39281.33
C Scheme,3.17,3434.26,27.29,False,True,Industrial,True,True,16.94,54991.38
Bani Park,8.46,1467.45,47.66,True,False,Commercial,True,False,16.58,24337.01
Malviya Nagar,14.16,6109.69,108.33,True,True,Industrial,True,False,45.6,255618.95
Malviya Nagar,10.02,7278.61,140.58,False,True,Residential,True,False,15.8,122259.35
Bani Park,1.79,4204.27,105.5,False,False,Commercial,True,True,26.81,120839.96
Malviya Nagar,11.88,3797.4,128.99,False,False,Commercial,True,True,19.45,67731.38
Sanganer,2.2,7444.79,153.97,False,False,Industrial,True,True,16.8,122168.03
Bani Park,1.15,5247.25,192.09,False,False,Commercial,False,False,21.81,104675.43
Sanganer,5.58,7533.63,93.9,True,True,Commercial,False,False,11.16,78624.14
Sanganer,3.26,5573.91,189.71,False,False,Residential,True,True,40.66,243307.09
Malviya Nagar,20.89,7701.13,194.67,True,False,Industrial,False,False,39.91,327844.32
Goner,9.01,6418.71,45.79,False,False,Agricultural,False,True,38.06,229924.1
Bani Park,12.15,1812.34,96.8,True,True,Commercial,False,False,25.8,43007.91
Tonk Road,11.1,3739.99,15.68,False,False,Agricultural,False,True,49.34,194860.47
Sector 12,3.84,3893.35,90.06,False,True,Residential,False,True,36.77,143997.35
Sector 45,11.7,2736.88,15.54,True,False,Agricultural,False,True,36.82,96812.29
Goner,21.41,8637.54,116.8,True,False,Agricultural,True,True,19.13,164722.54
Tonk Road,9.28,5547.4,98.09,False,False,Residential,True,True,48.19,252328.41
Sector 45,11.45,1672.53,100.47,False,False,Residential,True,True,45.68,76480.42
Sector 45,3.25,5543.75,77.34,True,True,Commercial,True,True,43.95,256508.09
Bani Park,13.67,3352.94,67.42,True,False,Commercial,False,True,12.25,42005.17
C Scheme,8.73,4754.21,118.05,False,False,Commercial,True,True,32.97,167258.6
Vaishali Nagar,19.16,9212.78,32.06,True,False,Residential,True,False,14.49,122420.63
Sector 12,7.11,1845.38,21.42,False,False,Commercial,False,True,15.53,26463.14
Malviya Nagar,0.81,3561.44,13.11,False,False,Residential,False,True,14.45,47469.73
Tonk Road,6.46,6966.63,169.56,False,False,Agricultural,True,True,24.67,184985.53
Tonk Road,7.2,9447.2,112.79,True,True,Residential,True,False,46.65,444601.66
Malviya Nagar,23.47,9339.57,79.41,True,False,Industrial,False,False,34.3,316177.03
Vaishali Nagar,19.07,6098.82,136.92,False,False,Agricultural,False,False,20.9,117848.17
C Scheme,7.95,1320.24,36.52,True,False,Agricultural,True,False,40.53,52741.19
Malviya Nagar,16.72,1569.57,116.81,True,False,Residential,False,False,39.91,63651.78
Sanganer,17.63,659.26,18.67,False,True,Commercial,False,False,10.88,6768.62
Tonk Road,20.29,1032.16,166.7,False,False,Commercial,False,False,30.91,28958.43
Goner,13.39,986.01,88.78,False,False,Industrial,False,True,17.63,17277.8
Sector 12,20.8,6475.64,82.01,True,True,Agricultural,False,False,37.9,247626.9
Bani Park,7.48,1815.74,25.61,False,True,Residential,True,False,46.44,83855.41
Jagatpura,3.11,4080.85,18.56,False,False,Commercial,True,False,28.59,111140.96
Sanganer,20.16,7946.66,97.32,False,False,Industrial,False,False,38.76,303184.22
C Scheme,22.91,8735.5,27.21,True,True,Commercial,False,False,42.93,350476.76
Bani Park,3.39,6377.66,76.7,False,True,Commercial,False,False,16.74,107336.36
Sector 45,13.1,1750.2,122.64,False,True,Industrial,False,False,48.45,84877.03
Tonk Road,19.9,695.45,16.18,True,True,Industrial,False,True,29.7,21251.16
Bani Park,3.36,5770.22,143.91,True,False,Agricultural,True,False,24.0,151423.88
Bani Park,24.78,4936.41,17.45,False,True,Commercial,False,True,30.07,138419.86
Sector 12,14.15,5055.36,103.88,False,True,Commercial,False,True,19.16,90227.55
Tonk Road,1.32,1649.93,101.87,False,True,Agricultural,True,False,21.72,35017.93
Tonk Road,18.76,660.85,35.31,True,False,Agricultural,False,True,17.8,11267.1
Jagatpura,13.38,2610.98,93.71,False,False,Commercial,False,False,30.67,84345.57
Sector 45,1.64,1503.8,116.93,True,True,Industrial,False,True,31.7,49376.66
Sanganer,21.53,1196.01,107.72,False,False,Residential,False,False,30.34,34699.75
Jagatpura,17.3,8535.53,15.28,False,False,Commercial,False,False,19.3,169918.83
Tonk Road,3.92,2228.05,184.59,False,True,Residential,False,True,49.32,114991.55
Bani Park,5.21,3065.6,96.55,True,False,Commercial,True,True,12.36,34273.54
Tonk Road,22.57,2817.28,122.08,True,False,Agricultural,True,True,27.92,79716.08
Sector 12,10.1,6238.82,88.92,True,True,Agricultural,False,False,49.83,297169.3
Goner,11.52,3686.43,162.07,True,False,Residential,False,False,19.06,71217.2
Sanganer,15.66,5653.46,154.07,False,True,Residential,True,False,42.7,228813.48
C Scheme,24.23,3126.28,15.49,True,True,Commercial,False,True,19.74,66999.61
Tonk Road,8.69,8205.76,45.75,False,False,Commercial,True,True,45.41,353093.62
Jagatpura,8.12,5143.45,188.66,False,False,Agricultural,False,True,14.51,75914.36
Jagatpura,12.64,4466.62,135.48,False,True,Residential,True,True,38.56,163640.75
Malviya Nagar,9.39,2868.53,71.67,True,False,Residential,False,False,38.94,105349.96
Bani Park,12.55,1270.53,49.39,True,False,Residential,False,False,23.66,32303.54
C Scheme,16.2,2031.66,121.55,True,False,Agricultural,True,False,41.57,89477.88
Vaishali Nagar,9.23,6056.16,122.05,True,False,Agricultural,False,False,30.23,175319.4
Sector 45,0.59,1704.93,159.65,False,True,Commercial,True,True,27.32,48470.89
Malviya Nagar,21.2,5655.99,35.18,True,False,Agricultural,False,True,30.44,178795.07
Goner,15.9,9596.93,139.93,True,True,Commercial,False,True,17.02,152985.82
Sector 45,12.19,9493.33,197.11,True,True,Agricultural,False,True,24.76,227600.39
Sector 12,24.2,4731.02,66.9,True,True,Residential,True,True,23.2,119292.7
Malviya Nagar,7.56,9353.57,104.43,True,True,Residential,True,True,48.0,446579.27
Goner,10.38,7364.38,27.51,True,False,Commercial,True,False,35.1,254393.22
Goner,21.09,9901.88,192.55,True,False,Agricultural,False,True,13.89,151194.27
Jagatpura,21.81,4515.52,120.7,True,True,Residential,True,True,13.53,60865.44
C Scheme,23.68,9458.06,78.54,False,False,Agricultural,False,True,30.96,300037.54
C Scheme,14.3,1012.14,60.62,False,False,Commercial,False,True,22.96,23516.15
Sector 12,1.5,6524.63,128.91,True,True,Industrial,False,False,23.15,163173.52
Vaishali Nagar,10.1,830.21,30.28,False,True,Residential,False,False,14.07,12230.88
Vaishali Nagar,24.07,5436.11,86.13,True,False,Industrial,True,False,42.62,229474.45
Jagatpura,17.45,1930.49,180.79,False,True,Residential,False,True,22.96,46988.29
Tonk Road,18.95,6101.63,67.35,False,True,Residential,False,True,36.43,242496.28
Malviya Nagar,19.47,8313.62,100.75,False,False,Commercial,True,True,17.06,133462.05
Goner,11.16,7028.51,167.07,True,True,Residential,False,True,34.82,234980.16
Tonk Road,5.23,1772.21,50.74,False,True,Commercial,False,True,25.07,43577.81
Malviya Nagar,7.45,4370.96,23.98,False,False,Commercial,True,False,37.78,173247.39
Malviya Nagar,15.45,5282.15,95.86,False,False,Agricultural,False,True,16.18,85185.84
Bani Park,7.73,1247.15,60.65,False,True,Agricultural,False,False,14.84,20037.17
C Scheme,17.33,3868.18,52.23,True,False,Industrial,True,False,14.95,58920.26
Bani Park,11.34,2220.37,171.63,True,True,Residential,False,True,23.42,55582.51
Sanganer,6.51,7530.98,180.74,False,False,Residential,False,False,37.54,266246.59
Tonk Road,2.8,5090.72,28.77,True,True,Agricultural,False,False,43.13,238888.23
C Scheme,13.17,2851.76,129.52,False,False,Agricultural,True,True,19.75,59588.03
Jagatpura,12.94,8216.54,177.85,False,True,Industrial,False,False,28.82,251370.93
Vaishali Nagar,5.83,7574.84,148.57,True,False,Residential,False,False,18.87,141981.25
C Scheme,16.23,2979.35,76.9,True,True,Industrial,False,True,20.47,58889.07
C Scheme,15.12,8204.07,70.37,False,True,Agricultural,False,False,24.33,192258.68
Sanganer,12.57,676.11,182.57,True,False,Residential,True,True,37.15,23871.34
Malviya Nagar,1.83,2547.01,52.28,True,False,Industrial,False,False,20.32,47286.96
Malviya Nagar,2.48,1385.01,30.37,True,True,Commercial,True,True,28.21,42451.34
Malviya Nagar,24.64,8995.08,56.63,False,False,Industrial,False,True,37.24,322579.17
Bani Park,11.79,2647.55,181.31,False,False,Industrial,False,True,29.42,85403.76
Vaishali Nagar,5.84,3249.68,187.18,True,False,Agricultural,False,False,32.6,107872.62
Sanganer,13.82,1801.5,128.83,False,True,Residential,False,False,46.34,78416.0
Sector 12,8.7,8582.32,157.56,True,True,Residential,True,True,18.07,150985.7
Bani Park,2.74,3842.29,166.26,True,False,Agricultural,False,True,29.09,117795.25
Sanganer,16.31,6134.86,135.31,False,False,Agricultural,True,True,24.63,162271.38
Vaishali Nagar,11.07,5106.64,194.24,True,True,Residential,True,False,16.38,87955.07
Sanganer,12.27,5284.02,119.72,True,True,Agricultural,True,True,49.67,271792.77
Vaishali Nagar,20.8,4243.65,128.51,True,True,Commercial,True,False,26.08,113922.45
Sanganer,15.34,4924.54,185.42,True,False,Commercial,False,False,48.36,239793.86
Goner,19.77,1328.61,38.06,False,True,Industrial,False,False,17.71,23185.03
Sector 45,24.79,2170.76,113.6,True,True,Commercial,True,False,21.54,45749.29
Goner,7.94,9436.66,171.75,False,False,Commercial,False,True,24.0,206329.92
Sector 12,17.15,1054.98,51.62,True,True,Industrial,True,True,22.87,24358.61
Sanganer,14.06,9644.81,91.49,False,False,Commercial,False,True,22.15,205218.49
Sanganer,3.85,3513.9,118.09,False,False,Commercial,True,True,39.28,150656.19
Vaishali Nagar,22.59,1963.47,22.13,True,False,Industrial,False,True,13.88,25428.22
Sector 45,15.72,2335.39,81.59,True,True,Agricultural,False,True,26.04,55560.39
Tonk Road,9.67,7404.41,129.28,True,False,Agricultural,True,True,14.74,112764.69
Bani Park,10.5,9924.81,43.81,True,True,Commercial,False,True,13.9,133704.61
Malviya Nagar,20.77,9700.2,167.56,True,True,Residential,True,False,20.77,200559.75
Sector 12,15.63,8214.15,140.22,True,False,Residential,True,True,15.73,121343.46
Tonk Road,13.51,7196.46,124.1,True,True,Industrial,True,False,42.24,326428.14
Vaishali Nagar,6.98,8464.28,103.41,False,False,Industrial,True,False,20.61,173248.97
Sector 12,1.27,3146.78,112.49,False,False,Commercial,True,True,17.62,54074.85
Vaishali Nagar,6.72,7524.93,30.54,True,True,Industrial,False,True,25.23,193583.45
Malviya Nagar,11.1,3741.28,127.09,False,True,Industrial,True,False,31.43,110419.25
Vaishali Nagar,17.75,7646.18,88.26,True,True,Agricultural,True,True,29.93,245633.84
Bani Park,14.94,1749.3,87.05,True,False,Commercial,True,True,36.05,65138.35
Tonk Road,7.24,3393.67,72.39,True,False,Agricultural,False,True,41.98,131244.2
Sector 12,10.9,3966.42,17.89,True,False,Agricultural,False,True,49.67,199722.41
Goner,3.04,9164.83,82.28,True,False,Industrial,True,False,21.53,203923.47
C Scheme,7.85,4071.92,77.1,False,False,Industrial,True,True,45.88,195610.57
Vaishali Nagar,15.95,3112.06,117.82,False,True,Residential,True,False,15.08,48566.0
Sector 45,17.11,4920.85,85.06,True,False,Commercial,True,True,40.63,194358.0
Goner,8.61,9760.03,45.87,True,True,Industrial,False,True,48.74,484422.85
Bani Park,2.95,5796.56,71.41,True,True,Industrial,True,False,20.52,121898.66
Malviya Nagar,1.59,7998.55,34.95,True,True,Commercial,False,False,41.85,302209.78
Vaishali Nagar,4.68,7108.93,193.81,False,False,Agricultural,False,True,33.34,226465.69
Tonk Road,6.19,4694.04,140.22,True,False,Industrial,True,False,30.75,143791.03
Tonk Road,14.81,9158.48,167.49,False,True,Commercial,False,False,43.0,425929.8
Jagatpura,17.01,8362.48,75.29,True,False,Residential,True,True,44.9,380409.3
Tonk Road,19.17,2185.54,69.67,False,False,Agricultural,True,True,35.27,77375.54
Bani Park,4.68,9718.85,75.57,False,False,Agricultural,False,False,21.55,192307.54
Sector 12,8.05,6225.35,130.28,True,False,Industrial,True,True,10.96,68103.71
C Scheme,3.37,2752.74,132.44,False,True,Agricultural,True,False,31.98,80214.92
Vaishali Nagar,4.84,9854.58,118.31,True,False,Industrial,True,False,38.27,365976.96
Tonk Road,1.7,3136.23,132.51,True,True,Commercial,True,False,37.32,117351.94
C Scheme,3.31,1456.42,88.83,True,True,Industrial,True,False,26.67,40750.74
Goner,19.94,7322.37,118.05,True,False,Agricultural,True,True,26.61,209692.73
Tonk Road,23.66,8355.55,82.15,False,False,Industrial,True,False,45.63,413059.27
Sector 12,12.01,2596.07,108.6,False,True,Commercial,False,True,41.46,117980.69
Sanganer,1.33,2600.03,86.1,False,False,Industrial,True,True,39.45,95089.8
Bani Park,6.06,8906.08,93.23,False,True,Industrial,False,True,15.06,125533.58
Goner,6.48,5815.9,75.74,False,False,Residential,False,True,38.24,233888.39
Goner,16.46,1044.21,187.53,False,False,Agricultural,True,False,13.14,14371.2
Sector 45,1.87,2178.95,124.69,False,False,Industrial,True,False,12.47,26444.32
Malviya Nagar,15.38,5793.79,53.9,True,False,Agricultural,False,False,45.87,279147.31
Sanganer,12.66,3695.01,117.98,True,True,Industrial,True,True,20.61,79068.31
Vaishali Nagar,5.54,1140.93,113.99,True,False,Commercial,False,False,11.79,12559.92
Sanganer,12.36,2770.39,120.83,True,False,Commercial,True,False,19.28,58167.08
Bani Park,10.52,4452.62,31.51,False,True,Commercial,True,False,24.87,117299.61
Sanganer,23.84,4828.9,44.8,True,True,Agricultural,False,True,16.4,71313.5
Vaishali Nagar,22.57,8319.44,140.28,True,True,Commercial,False,False,35.32,295135.31
Sector 45,24.6,8233.2,113.78,False,True,Industrial,True,True,25.39,221034.7
Jagatpura,16.34,2518.21,193.77,True,False,Industrial,True,True,49.94,136233.09
Goner,18.69,5417.12,58.33,False,True,Residential,False,False,42.29,224012.72
Malviya Nagar,8.99,9665.22,73.64,True,True,Industrial,True,False,18.35,193917.57
Jagatpura,14.73,1722.45,29.74,False,True,Industrial,False,False,11.75,21024.07
Bani Park,12.49,7532.5,56.24,True,False,Agricultural,True,False,21.1,173948.81
C Scheme,6.56,3026.44,99.66,False,False,Commercial,False,False,24.0,75350.07
Jagatpura,17.31,7738.44,72.0,True,False,Residential,False,True,35.25,288138.1
Bani Park,16.48,7147.38,95.03,False,True,Industrial,True,False,49.48,319985.25
Bani Park,2.98,1945.52,73.19,True,True,Industrial,False,True,41.19,78335.53
Vaishali Nagar,16.73,3298.9,166.93,True,True,Agricultural,False,False,23.2,79780.89
Sector 12,1.33,2973.71,111.87,True,True,Residential,True,False,34.43,109947.51
Sector 45,18.25,9647.32,159.33,False,False,Residential,False,True,30.47,305950.72
Sector 12,19.16,7751.39,58.43,True,True,Industrial,False,True,14.96,117943.43
Tonk Road,18.5,5199.2,187.95,False,True,Commercial,False,False,48.58,255132.33
Goner,15.53,7977.06,167.12,False,True,Industrial,True,True,15.85,131866.52
Tonk Road,0.95,9575.54,74.96,True,False,Agricultural,False,True,31.85,310599.74
Malviya Nagar,2.08,2587.63,93.93,False,True,Industrial,True,True,46.65,118175.84
Vaishali Nagar,18.23,8151.03,100.39,True,True,Commercial,True,False,25.83,199095.87
Goner,17.13,8330.85,197.84,True,True,Agricultural,False,True,26.92,244909.72
Goner,1.96,6589.27,24.01,True,True,Agricultural,True,True,16.04,108229.16
Sanganer,20.93,9569.84,150.51,True,False,Residential,False,True,37.04,378141.11
Bani Park,23.74,9148.92,143.66,True,True,Commercial,False,False,26.73,256752.01
Goner,9.31,965.43,147.53,False,True,Commercial,False,False,27.38,28120.16
Goner,20.5,580.09,174.56,False,True,Commercial,True,True,21.31,11240.52
Sector 45,14.26,8211.87,61.33,True,False,Industrial,True,False,44.72,369301.14
Jagatpura,8.65,8256.76,83.71,False,True,Industrial,True,True,42.82,327826.73
Sector 45,9.31,8322.59,25.88,False,True,Commercial,False,False,43.45,342187.23
Vaishali Nagar,14.93,9225.04,177.85,False,False,Industrial,True,False,47.65,453649.74
Malviya Nagar,13.92,562.9,99.2,False,False,Agricultural,False,False,36.44,21951.06
Jagatpura,16.99,2192.15,105.39,False,True,Commercial,False,False,29.62,66394.69
Vaishali Nagar,19.04,4887.96,19.48,True,True,Industrial,True,False,28.47,146385.83
Sector 12,21.43,879.37,187.08,False,False,Industrial,True,True,28.14,22567.86
Bani Park,24.71,1419.64,34.34,True,True,Industrial,False,False,35.27,50371.27
Vaishali Nagar,9.99,8859.88,196.85,False,False,Commercial,False,True,32.69,261425.74
Sector 12,22.3,3343.8,163.52,False,False,Commercial,True,False,48.71,152874.31
Sector 45,23.63,4369.41,189.54,False,True,Commercial,False,False,24.81,99963.15
Jagatpura,17.15,7751.63,70.99,False,False,Agricultural,False,False,28.17,233990.37
Sanganer,14.03,4209.04,120.01,True,False,Agricultural,False,False,21.76,94018.01
Sanganer,13.36,7239.6,33.58,False,True,Industrial,True,True,23.69,157588.14
Tonk Road,15.11,7312.83,35.11,True,False,Residential,True,True,37.68,295609.93
Sector 45,16.06,4086.57,60.63,False,True,Agricultural,False,True,24.47,109397.68
Tonk Road,15.9,7168.18,148.8,False,False,Agricultural,False,True,11.7,76061.02
Tonk Road,16.55,1444.41,107.23,True,False,Industrial,False,True,16.13,25432.05
Sector 45,16.67,1540.59,110.15,True,True,Commercial,False,False,42.98,72018.09
Jagatpura,11.61,4404.0,36.26,False,False,Commercial,False,False,36.22,149196.79
Tonk Road,20.2,7476.7,62.05,False,False,Commercial,False,False,19.08,146300.94
Goner,20.83,5092.69,113.73,True,True,Industrial,False,False,31.94,171385.48
Tonk Road,23.04,7858.67,88.88,True,True,Industrial,False,True,32.63,235228.05
Sector 45,13.06,8831.78,37.51,False,False,Commercial,True,True,23.8,198139.55
Sanganer,19.54,2514.29,194.84,False,True,Commercial,False,False,35.1,81193.55
Tonk Road,11.14,2657.55,136.24,True,True,Residential,True,True,33.01,94220.94
Malviya Nagar,13.19,4987.28,122.38,False,False,Commercial,True,True,19.95,105217.24
Sector 45,21.4,5550.68,106.91,False,False,Agricultural,False,True,35.24,192383.11
Malviya Nagar,5.46,6400.65,197.03,False,False,Agricultural,False,False,24.08,151250.64
Goner,17.28,7928.37,103.28,True,False,Residential,True,True,11.52,84692.62
Tonk Road,12.29,4862.09,76.98,False,False,Agricultural,False,True,19.79,105817.25
Tonk Road,1.14,7710.78,144.73,True,False,Agricultural,True,True,25.09,206471.62
C Scheme,16.95,9613.29,44.05,False,True,Industrial,True,True,10.29,94229.27
Jagatpura,5.12,3373.33,59.01,True,True,Commercial,True,True,26.14,81864.4
Vaishali Nagar,15.96,582.34,66.55,True,False,Residential,True,True,27.31,14525.69
Jagatpura,12.17,7989.4,16.98,True,False,Residential,False,True,11.36,87031.99
Tonk Road,7.05,1119.62,47.46,True,True,Residential,False,True,49.12,53206.9
Vaishali Nagar,10.52,9753.18,107.75,False,True,Industrial,False,False,16.77,163916.85
Vaishali Nagar,13.81,7669.89,87.87,False,True,Residential,True,True,47.71,348582.93
Goner,1.58,7435.69,38.98,True,True,Industrial,True,False,21.7,173926.14
Vaishali Nagar,24.47,3312.04,168.0,True,False,Agricultural,True,False,13.23,46554.72
Sanganer,13.06,6462.37,48.8,True,True,Industrial,True,True,38.09,229507.77
Tonk Road,2.8,6800.31,42.55,True,True,Commercial,True,True,11.71,72228.4
Sector 12,1.03,1823.49,83.55,False,True,Commercial,True,False,48.56,87545.82
Sector 12,7.89,5825.67,99.02,False,False,Residential,False,False,49.55,264867.2
Bani Park,1.3,1332.87,24.31,True,True,Commercial,False,True,14.57,17828.78
Sanganer,21.34,2480.99,66.06,False,True,Industrial,False,False,45.31,101828.12
Goner,12.55,3282.79,23.12,True,False,Commercial,False,False,14.21,49805.11
Sector 45,8.57,1787.07,79.69,False,False,Residential,False,False,45.27,75895.54
Sector 12,21.32,5390.76,39.06,False,True,Commercial,False,False,45.3,244908.89
Bani Park,10.05,5815.87,186.92,True,False,Commercial,False,True,23.35,146022.96
Goner,2.5,2697.0,104.7,True,False,Agricultural,True,True,12.06,32728.14
Jagatpura,5.09,2616.35,63.25,False,False,Industrial,True,True,36.1,91218.57
Goner,15.59,3142.89,53.36,True,True,Commercial,False,False,22.47,67653.3
Goner,9.11,8123.86,71.0,True,True,Industrial,True,False,37.37,294199.96
Goner,17.35,5524.89,163.31,False,True,Agricultural,True,True,14.72,75730.88
Malviya Nagar,22.74,1952.38,98.22,False,False,Industrial,False,False,27.66,50709.12
Jagatpura,1.32,7792.3,94.72,False,True,Residential,False,True,31.85,272898.33
Sector 45,23.04,6787.96,118.16,True,False,Industrial,True,False,39.44,269464.99
Sanganer,19.06,4629.46,184.16,True,True,Agricultural,True,False,46.07,231328.01
Sector 45,14.34,8903.29,169.19,False,True,Agricultural,False,True,17.54,167974.63
Sanganer,13.92,8089.53,41.04,False,False,Residential,True,False,17.88,158936.03
Sector 45,15.69,3751.65,186.1,False,False,Agricultural,False,True,20.54,76999.75
Tonk Road,1.85,8841.94,137.07,False,False,Agricultural,False,True,43.66,358872.89
Sector 12,23.51,9961.92,93.06,True,False,Commercial,True,True,15.93,165848.48
Malviya Nagar,20.78,6878.94,139.42,False,True,Agricultural,True,False,14.98,94423.74
Bani Park,6.99,7858.24,168.75,False,False,Commercial,False,True,27.27,200479.04
Malviya Nagar,20.21,5221.36,130.86,False,False,Residential,True,False,22.59,116868.43
Sector 12,15.32,9006.89,142.15,False,False,Residential,False,True,32.43,294592.25
Bani Park,11.91,9563.81,68.89,False,False,Commercial,True,True,49.97,481708.0
Jagatpura,4.34,9110.49,75.28,False,False,Agricultural,True,True,16.1,160334.86
Jagatpura,6.19,2239.57,30.22,True,True,Agricultural,False,True,41.65,88304.97
Vaishali Nagar,14.8,4414.54,177.76,True,True,Commercial,True,False,14.61,64961.08
Sector 45,18.46,510.75,112.91,True,False,Residential,True,True,38.43,18011.99
Vaishali Nagar,7.99,1707.19,92.46,True,False,Residential,False,True,34.12,60392.5
Bani Park,6.94,6362.85,118.89,False,True,Industrial,True,False,49.42,285468.01
C Scheme,6.71,2222.94,101.75,True,False,Residential,True,True,13.22,29106.79
Jagatpura,3.17,5572.0,29.37,False,False,Commercial,False,False,22.85,130438.48
Tonk Road,8.81,7657.7,110.64,False,False,Commercial,False,True,24.96,194901.22
Bani Park,5.77,7868.15,43.44,False,False,Agricultural,True,False,27.49,228901.14
Tonk Road,23.87,2211.11,182.53,False,True,Industrial,False,False,48.71,97617.95
Goner,9.08,9376.19,29.73,False,True,Residential,True,False,40.33,403979.4
Vaishali Nagar,20.49,621.32,71.41,False,True,Commercial,False,False,31.67,20691.17
Sector 45,4.5,3593.63,62.47,False,True,Residential,False,False,12.37,42975.57
Sanganer,13.96,7874.99,180.12,False,True,Residential,True,False,19.23,152231.65
Sector 45,3.45,6471.79,23.67,True,False,Industrial,False,True,27.04,166360.73
C Scheme,19.64,9528.92,43.73,False,True,Residential,False,False,20.16,185257.76
Malviya Nagar,9.06,3248.91,24.27,False,False,Residential,True,False,10.87,33862.47
Sector 45,8.56,5152.74,65.96,False,True,Residential,False,False,22.02,122202.51
Sector 45,2.69,3136.83,71.9,False,False,Agricultural,True,True,14.56,48276.37
Vaishali Nagar,21.78,6387.69,145.46,False,True,Residential,False,True,28.37,178320.42
C Scheme,9.38,5255.81,41.11,True,True,Agricultural,False,False,37.48,192169.12
Vaishali Nagar,2.63,1319.93,144.47,False,True,Agricultural,True,False,38.8,55645.98
Vaishali Nagar,11.54,7145.26,58.54,False,True,Industrial,True,True,28.86,222077.14
Vaishali Nagar,5.27,2436.51,120.87,True,False,Residential,False,False,29.04,75500.34
Sector 12,11.68,5004.91,46.91,True,False,Industrial,True,True,31.55,146634.3
Tonk Road,13.36,9748.22,133.31,False,True,Agricultural,False,False,36.08,368260.25
Sector 12,12.87,8199.29,194.9,False,False,Agricultural,False,False,44.35,344368.43
Sector 45,21.48,8315.94,18.62,False,False,Commercial,False,True,38.26,316320.34
Malviya Nagar,8.04,7073.66,90.43,True,True,Industrial,False,False,43.67,282741.86
Jagatpura,6.88,8812.54,84.68,True,False,Agricultural,False,True,27.87,256933.2
Malviya Nagar,15.92,3923.42,75.55,True,False,Industrial,False,True,14.38,61463.71
Sanganer,0.95,4505.68,134.59,False,False,Commercial,True,True,19.37,80652.36
C Scheme,14.58,2779.58,95.56,False,True,Agricultural,True,False,48.4,141588.33
C Scheme,0.83,3675.81,157.38,False,False,Industrial,False,True,10.58,42642.18
Sector 12,15.5,3789.16,96.92,False,True,Residential,True,True,20.32,75605.97
Jagatpura,23.29,1978.52,153.41,False,True,Commercial,True,False,28.7,58136.2
Goner,5.11,3551.26,77.23,True,True,Commercial,False,True,25.66,91962.48
Jagatpura,19.59,1103.98,127.49,True,False,Commercial,False,False,30.74,35278.73
Malviya Nagar,10.73,7407.92,16.12,False,True,Agricultural,True,False,21.43,174490.1
C Scheme,21.0,8659.95,181.5,True,False,Residential,True,False,41.69,346943.55
C Scheme,18.63,1261.22,167.68,False,True,Agricultural,False,False,23.69,29523.88
Sector 12,19.75,3967.2,55.57,True,False,Residential,False,True,37.08,161663.14
Goner,7.59,9254.89,69.17,False,False,Agricultural,False,False,33.72,328762.88
Bani Park,14.64,9155.19,199.05,False,False,Commercial,False,True,36.68,339817.14
Sector 12,18.07,6298.34,158.83,True,True,Agricultural,True,True,42.34,245389.88
Vaishali Nagar,18.36,7543.22,186.31,False,False,Industrial,True,False,46.45,351906.7
Sector 12,5.04,9423.96,85.3,False,False,Residential,True,False,14.74,135434.29
Bani Park,7.61,739.51,176.64,False,True,Industrial,False,False,41.13,29878.18
C Scheme,23.28,531.08,177.03,True,True,Commercial,False,False,30.03,17314.56
Malviya Nagar,6.4,8306.12,191.2,True,False,Commercial,False,False,45.74,386336.78
Sector 12,11.19,5570.8,97.84,False,False,Commercial,True,False,18.31,100981.69
Sanganer,10.82,5842.08,51.46,False,False,Residential,True,True,47.52,295782.91
Jagatpura,14.86,1033.66,77.31,True,True,Commercial,True,True,47.36,44277.08
Tonk Road,10.59,5956.96,154.86,False,True,Agricultural,False,False,38.85,211349.3
Goner,24.24,1011.41,50.96,False,True,Residential,False,False,16.8,16164.86
Bani Park,3.12,4294.62,127.71,False,True,Commercial,False,False,42.07,163274.59
Tonk Road,14.23,3716.37,194.04,False,False,Residential,True,False,43.06,151115.87
Sector 12,12.05,584.78,170.03,True,True,Industrial,False,False,12.38,6951.79
Vaishali Nagar,10.51,5516.82,44.87,True,False,Agricultural,True,False,33.81,185054.53
Tonk Road,2.97,3178.0,100.98,False,True,Commercial,True,True,26.57,76455.24
Malviya Nagar,19.4,5922.71,195.46,False,True,Commercial,False,False,10.35,66658.24
Jagatpura,23.02,4273.6,86.18,False,True,Residential,False,False,34.35,159810.31
Bani Park,11.96,2914.05,130.44,False,False,Residential,False,True,30.26,94660.72
Goner,14.66,7603.7,191.51,False,False,Residential,True,False,32.41,252968.21
Goner,3.61,2205.15,49.6,False,True,Residential,False,False,24.59,56657.53
Jagatpura,1.89,6227.55,65.62,False,True,Commercial,False,True,48.0,293462.62
C Scheme,24.23,3158.98,139.11,True,False,Commercial,False,False,30.72,94358.03
Jagatpura,2.08,5543.17,120.64,False,False,Commercial,False,True,12.7,68193.6
Malviya Nagar,11.32,3471.17,48.94,True,False,Agricultural,True,True,21.09,78039.45
Bani Park,14.12,9882.13,72.12,False,True,Commercial,True,True,13.77,128575.38
Sector 12,8.19,8085.97,95.98,True,False,Agricultural,True,True,38.27,305241.54
Bani Park,21.36,3724.57,51.91,True,True,Industrial,True,False,30.34,113676.68
Jagatpura,2.82,2498.41,166.9,True,False,Commercial,False,False,23.97,64584.17
Tonk Road,20.03,5717.35,19.33,True,True,Residential,False,False,16.05,90357.13
Malviya Nagar,21.67,7097.9,41.02,False,False,Industrial,False,False,17.89,127455.63
Vaishali Nagar,2.0,1013.22,185.13,False,False,Commercial,False,False,23.59,25261.41
Malviya Nagar,8.01,5746.82,78.26,True,False,Industrial,True,True,18.69,107826.51
Malviya Nagar,5.79,5808.11,85.25,True,False,Industrial,False,False,26.75,146271.17
Malviya Nagar,21.81,8328.63,128.51,True,False,Residential,False,True,25.65,195693.78
Sector 12,15.96,4411.04,13.96,False,True,Industrial,True,False,14.42,68972.34
Bani Park,2.42,8474.0,160.99,False,True,Commercial,False,False,28.67,244331.37
Sector 12,12.83,8959.91,137.65,False,True,Residential,False,True,25.3,206295.37
Sector 12,6.85,9884.7,190.12,False,True,Agricultural,True,True,20.97,202544.72
Jagatpura,0.94,8141.85,144.98,True,False,Commercial,False,False,43.77,382700.55
Sector 45,3.51,8964.77,82.06,False,True,Industrial,False,False,21.05,186365.03
Malviya Nagar,0.84,2518.09,138.24,True,True,Residential,False,True,44.46,105588.31
Jagatpura,21.66,4802.32,161.38,False,False,Commercial,False,True,18.0,78332.84
Bani Park,4.72,8013.68,174.62,False,True,Agricultural,True,True,41.42,303340.86
Goner,1.06,4581.1,190.97,False,False,Industrial,False,False,45.07,224514.17
Vaishali Nagar,9.95,3695.12,36.62,False,True,Commercial,True,True,22.2,90202.28
Bani Park,22.12,6918.04,25.92,False,False,Industrial,False,True,21.88,149606.46
Bani Park,16.43,7010.68,74.71,True,False,Agricultural,False,True,26.88,184187.35
Tonk Road,8.84,9835.55,163.48,False,False,Commercial,False,False,36.37,345347.54
Tonk Road,18.76,8573.02,92.17,False,True,Commercial,False,True,18.39,169947.13
Sanganer,2.36,668.94,195.85,False,True,Industrial,False,True,13.1,9563.31
Sector 12,12.56,8399.54,69.81,True,False,Commercial,True,True,14.25,112408.97
Sector 12,9.1,9627.78,57.15,True,True,Agricultural,True,False,11.59,111296.81
Sector 45,14.54,5727.06,181.0,False,True,Agricultural,True,False,36.75,208318.34
Tonk Road,22.31,4839.94,68.35,False,True,Commercial,False,False,44.09,208557.49
Bani Park,20.95,6069.98,114.4,False,False,Commercial,False,False,44.8,250078.85
Sector 12,9.36,9026.38,51.78,False,False,Agricultural,False,True,16.88,157508.67
Bani Park,6.72,1458.75,49.99,True,False,Industrial,False,False,27.89,42025.39
Sanganer,10.43,6827.8,141.85,False,False,Industrial,True,True,41.97,310774.52
Sector 45,16.6,2115.77,162.06,True,False,Agricultural,False,True,35.22,74282.45
Tonk Road,21.33,8261.44,25.69,True,False,Commercial,False,True,44.71,370693.64
Jagatpura,1.29,7391.06,24.39,False,True,Residential,True,False,27.07,198823.68
Vaishali Nagar,17.61,9856.97,85.02,True,True,Agricultural,True,True,41.37,392396.37
Vaishali Nagar,3.34,2071.09,158.92,True,False,Agricultural,True,True,34.23,65596.54
Tonk Road,16.27,3373.09,78.23,True,False,Agricultural,True,True,20.52,71507.54
Goner,17.42,6476.41,51.81,False,True,Industrial,True,False,45.28,311280.76
Sector 12,6.6,2321.79,158.84,True,False,Residential,False,True,20.44,47948.64
Bani Park,3.22,581.06,124.93,True,False,Residential,True,True,33.7,20335.23
Tonk Road,1.81,5785.03,156.56,False,False,Industrial,True,True,43.69,243796.11
Malviya Nagar,13.48,3037.5,23.39,False,True,Industrial,True,False,39.11,109179.26
Tonk Road,10.71,8819.46,113.89,True,True,Industrial,True,True,18.96,177767.91
Bani Park,20.76,3072.69,135.72,False,True,Agricultural,False,True,26.42,81186.6
Sanganer,18.98,1631.63,167.46,False,True,Industrial,True,True,19.56,33818.54
Sanganer,1.09,8589.84,127.41,False,True,Residential,True,True,12.15,110391.93
Vaishali Nagar,14.83,4127.43,132.4,True,True,Residential,True,False,46.93,208532.67
Goner,5.52,9385.41,21.62,True,False,Agricultural,False,False,30.26,297392.73
Jagatpura,2.15,2307.13,93.6,False,True,Agricultural,False,True,14.08,29950.06
Bani Park,8.29,1728.52,176.19,True,False,Commercial,False,False,18.63,29141.74
Tonk Road,6.44,9955.23,162.22,True,True,Industrial,True,True,32.77,299805.48
Vaishali Nagar,2.37,7787.74,134.91,False,True,Agricultural,False,False,32.54,266414.93
Sector 12,19.35,3475.65,146.89,False,True,Agricultural,True,False,23.56,78666.07
Malviya Nagar,23.59,8756.66,151.36,False,False,Industrial,True,True,26.97,227569.05
Sanganer,6.8,7023.99,145.66,True,False,Industrial,False,False,41.14,285621.36
Jagatpura,13.74,2862.04,186.87,True,False,Commercial,False,False,43.02,120937.37
Jagatpura,16.99,9875.32,180.9,False,False,Residential,False,False,22.07,208577.45
Sanganer,20.72,3533.47,167.34,True,False,Agricultural,True,True,27.57,98089.25
Sector 45,17.74,9540.63,22.59,False,False,Residential,True,True,45.71,396623.18
Sanganer,14.75,6025.22,112.08,True,True,Residential,False,False,31.62,194474.6
Vaishali Nagar,23.57,8566.26,30.14,False,False,Residential,True,False,37.21,319878.35
C Scheme,1.27,2995.42,102.84,True,False,Industrial,False,True,42.03,125097.99
Goner,11.24,8445.43,154.74,False,True,Industrial,False,True,29.24,268820.78
Vaishali Nagar,11.45,4281.25,184.15,False,True,Commercial,True,False,21.96,88056.35
Sector 12,6.14,5167.57,173.14,False,True,Industrial,True,False,16.19,90798.95
Bani Park,21.5,714.83,174.57,True,False,Industrial,False,True,18.56,12960.83
C Scheme,0.55,6924.94,140.78,True,False,Residential,True,False,18.08,127582.97
Malviya Nagar,7.02,5376.85,141.83,False,False,Residential,False,False,29.53,148656.12
Tonk Road,10.0,9893.9,115.21,True,True,Commercial,False,True,45.8,438302.56
Sector 12,16.73,2827.02,53.91,True,True,Agricultural,False,True,19.6,58124.47
Jagatpura,16.83,1440.33,61.55,True,True,Industrial,True,False,28.6,44021.57
Sector 12,16.49,4680.81,179.24,True,True,Industrial,False,True,45.95,194919.98
Goner,23.15,6473.46,52.24,False,False,Commercial,True,False,34.08,242597.36
Sector 12,4.12,3255.0,44.87,False,False,Industrial,True,False,24.86,81550.44
Sector 45,18.89,8888.92,49.21,True,True,Residential,False,False,46.13,398829.76
Sector 45,21.09,3330.63,122.93,False,True,Commercial,False,False,35.25,121227.71
Sector 12,20.06,1114.59,135.42,False,True,Commercial,True,True,29.96,36208.6
Vaishali Nagar,25.0,2615.78,162.92,True,False,Commercial,True,False,39.67,111066.65
Vaishali Nagar,20.45,9980.03,77.89,False,False,Industrial,False,True,16.78,183730.48
Malviya Nagar,20.25,5113.58,163.4,False,True,Industrial,False,True,36.25,185600.09
Sector 12,10.33,2921.75,189.2,False,False,Commercial,False,True,38.62,112171.97
Sector 12,18.12,8535.29,131.98,False,True,Residential,True,True,46.35,362189.83
Malviya Nagar,17.97,888.73,50.83,True,True,Agricultural,False,False,22.82,20651.99
Sector 12,1.7,9324.0,186.29,False,False,Commercial,True,True,32.65,292959.88
Vaishali Nagar,8.43,8086.76,71.41,False,False,Residential,False,True,40.43,334162.03
Malviya Nagar,9.32,7868.74,18.8,False,False,Agricultural,False,True,48.88,380450.69
Sector 12,2.07,4561.55,114.13,True,False,Commercial,False,False,18.47,84121.98
Jagatpura,2.72,731.4,91.05,True,False,Residential,True,True,24.55,17919.06
Sector 45,15.9,6493.51,110.55,True,True,Industrial,False,True,23.93,162649.18
Sector 12,20.59,4420.81,19.87,False,False,Industrial,False,False,23.5,95515.66
Sanganer,10.39,1634.18,63.93,True,False,Agricultural,False,False,11.76,21136.79
Malviya Nagar,10.79,9652.96,31.06,True,False,Commercial,False,False,29.03,302111.3
Malviya Nagar,21.3,518.71,169.33,False,False,Residential,False,True,31.51,17719.72
Jagatpura,24.26,7442.97,131.67,True,False,Industrial,True,False,29.14,207068.1
Bani Park,17.21,9410.26,119.08,False,True,Agricultural,True,True,48.34,492040.39
Sector 45,4.09,5948.15,78.6,False,False,Agricultural,True,True,32.05,191048.04
Jagatpura,24.54,4442.86,29.66,True,True,Industrial,False,False,30.31,122861.48
Goner,24.89,6253.84,179.39,False,True,Residential,False,False,42.9,277092.96
Malviya Nagar,14.41,8783.16,36.71,False,False,Industrial,False,False,41.77,360233.61
C Scheme,7.04,9071.56,125.18,False,False,Residential,True,False,28.11,274499.1
Jagatpura,12.52,8314.9,199.65,True,False,Commercial,True,False,27.18,227415.06
C Scheme,21.57,2317.7,146.69,False,True,Commercial,True,True,28.24,59686.13
Sector 45,19.19,5592.08,165.07,False,False,Industrial,True,True,20.25,113444.23
Malviya Nagar,0.86,7707.17,103.28,False,True,Residential,False,False,41.5,298769.95
Sanganer,12.12,1500.78,177.13,False,True,Industrial,False,False,27.43,43467.84
Vaishali Nagar,10.17,5998.26,39.16,False,True,Commercial,True,False,43.18,238860.19
Malviya Nagar,3.56,7141.87,120.1,True,True,Agricultural,True,True,21.38,152208.18
Jagatpura,1.11,6802.3,20.88,True,False,Agricultural,True,True,15.71,114320.07
Malviya Nagar,2.96,3600.69,73.0,True,False,Commercial,False,False,32.16,125490.91
Sanganer,8.54,5116.15,67.87,True,False,Agricultural,True,True,45.72,221513.26
C Scheme,22.16,7593.77,59.96,True,False,Agricultural,False,False,26.09,184779.91
Vaishali Nagar,23.01,5678.6,177.43,True,False,Industrial,True,False,18.89,110633.85
Sector 45,16.63,2988.14,51.37,True,True,Industrial,True,False,29.65,95629.19
Sector 45,1.34,9614.65,176.0,False,False,Residential,False,True,42.38,389191.38
Tonk Road,20.72,9757.92,75.32,False,False,Industrial,True,True,13.93,133353.47
Vaishali Nagar,4.03,9151.9,90.23,False,False,Industrial,False,False,11.98,110677.15
Sector 45,1.3,4753.76,101.96,False,True,Commercial,False,False,18.79,92841.7
Sector 45,6.51,9010.8,184.84,True,False,Industrial,False,False,13.46,132661.17
Bani Park,19.45,5439.23,130.38,False,True,Commercial,True,True,48.36,264527.72
Sanganer,3.45,5734.89,88.68,False,False,Residential,False,True,19.26,115461.23
Malviya Nagar,17.44,2571.6,178.34,False,False,Industrial,False,False,48.87,134847.42
Sanganer,23.9,9857.8,177.46,False,True,Agricultural,True,False,22.18,199005.98
Bani Park,11.51,6760.32,192.15,False,False,Industrial,False,True,19.32,129243.79
Sector 45,20.98,1884.14,97.94,False,True,Commercial,True,True,31.37,57082.33
Vaishali Nagar,24.49,6014.33,55.87,False,True,Agricultural,False,False,18.55,122652.17
Tonk Road,22.72,5988.29,113.6,True,False,Agricultural,False,True,39.72,252374.99
Sector 12,17.68,4331.8,29.23,True,False,Residential,False,True,15.04,71031.67
Jagatpura,7.06,1109.42,156.85,False,False,Commercial,True,False,21.31,22006.24
Sector 12,19.45,9627.93,143.88,False,True,Commercial,False,False,33.96,324383.6
Goner,16.31,7339.31,144.86,True,True,Agricultural,False,True,28.85,199545.98
Sanganer,9.12,2954.34,105.21,False,True,Industrial,False,False,49.0,144144.82
Tonk Road,5.79,3940.03,197.02,True,False,Commercial,False,False,24.72,97925.62
C Scheme,4.37,3881.03,111.34,False,True,Residential,False,True,39.08,137256.83
Malviya Nagar,21.65,517.84,188.14,True,True,Industrial,True,True,35.24,18755.4
Malviya Nagar,22.12,6768.11,105.68,False,True,Commercial,False,True,38.01,279318.87
Sector 45,6.64,8589.11,99.7,False,True,Residential,False,False,49.05,387947.54
Goner,3.27,3171.83,116.31,True,False,Agricultural,False,False,42.93,124810.03
Tonk Road,18.3,4892.65,24.08,True,False,Commercial,True,False,47.28,243249.98
Vaishali Nagar,13.63,3416.58,167.58,True,True,Agricultural,False,False,14.55,46575.46
Vaishali Nagar,16.82,5428.16,89.6,False,False,Industrial,False,True,12.92,67432.4
Sanganer,9.66,5209.86,14.31,False,True,Residential,False,False,37.75,207167.3
Vaishali Nagar,4.43,1730.82,20.51,False,True,Commercial,False,True,20.82,34232.22
Sector 45,8.81,1188.76,152.67,False,True,Industrial,False,False,15.87,17016.23
Bani Park,1.47,3816.45,35.12,True,False,Commercial,True,False,35.94,131513.03
Vaishali Nagar,21.33,9317.33,48.7,True,True,Industrial,True,False,25.2,213567.16
Goner,12.93,9604.73,61.93,True,True,Residential,False,True,49.22,498670.75
Bani Park,3.93,7468.68,125.68,False,False,Industrial,False,True,48.48,379443.83
Goner,19.41,9865.65,169.71,True,False,Commercial,False,True,44.0,457908.09
Tonk Road,12.22,9709.32,199.34,False,False,Agricultural,True,False,46.98,417409.95
Sanganer,15.66,9928.31,48.92,False,False,Commercial,False,False,29.9,317823.42
Sector 12,6.22,8289.78,50.0,False,False,Industrial,False,False,17.94,146621.26
Sector 45,13.2,502.03,123.56,True,False,Commercial,True,False,34.14,18580.69
Sanganer,21.36,6326.6,37.63,False,False,Residential,False,True,44.11,279325.42
Goner,11.21,8548.55,76.7,True,True,Residential,False,False,40.79,334284.67
Sector 45,13.13,7360.79,171.87,False,True,Industrial,False,False,40.12,270144.08
Vaishali Nagar,4.23,6810.24,102.6,True,False,Commercial,False,False,11.37,84497.28
Jagatpura,9.43,7755.97,45.36,False,False,Commercial,True,True,45.77,343819.73
Malviya Nagar,13.6,7963.7,20.79,False,False,Industrial,True,True,31.34,236904.3
C Scheme,17.58,9867.95,89.15,True,True,Commercial,False,False,32.28,325948.14
Tonk Road,9.16,2466.13,195.07,False,False,Residential,False,True,16.86,38205.01
Malviya Nagar,22.05,5778.46,141.87,True,False,Residential,False,False,37.56,206757.34
Sector 12,6.94,4525.21,34.5,True,False,Residential,True,True,36.0,176127.59
Sanganer,24.23,7664.56,54.7,False,False,Residential,True,True,48.63,402448.38
Goner,9.1,1111.72,121.72,False,True,Commercial,True,True,35.88,38217.07
Jagatpura,17.31,6265.64,163.03,False,True,Commercial,True,False,46.67,298938.15
Goner,17.23,5798.82,61.84,True,True,Commercial,False,False,30.3,170199.55
Bani Park,1.68,2472.3,12.04,True,False,Residential,True,True,16.96,43024.37
Tonk Road,2.06,4506.06,56.22,False,True,Residential,False,True,42.82,202138.97
Sanganer,24.57,8689.89,92.4,True,True,Residential,True,True,15.87,143435.74
Sector 12,12.54,5488.75,151.7,True,False,Residential,True,False,39.16,214729.71
Sector 12,22.79,5785.5,31.34,True,False,Agricultural,True,True,49.06,257111.29
Malviya Nagar,20.75,4827.5,176.07,False,False,Industrial,True,False,11.39,57415.99
Jagatpura,8.36,9299.34,145.42,True,False,Industrial,True,True,36.94,364381.99
Sanganer,2.17,7519.02,134.65,True,False,Industrial,True,True,32.5,250274.06
C Scheme,8.06,4547.5,117.63,True,False,Commercial,True,True,32.73,152412.43
Sector 45,15.89,5921.6,67.95,True,True,Commercial,True,False,24.88,149811.66
Goner,15.71,9845.96,193.96,False,True,Industrial,True,False,26.89,240510.38
Malviya Nagar,7.49,2781.75,89.81,False,False,Commercial,True,False,29.66,81980.76
Malviya Nagar,12.33,755.6,139.34,False,False,Industrial,False,True,36.54,29841.8
Sector 45,13.8,6410.53,28.91,False,True,Industrial,True,False,24.78,154002.25
Bani Park,9.06,8744.75,56.69,True,True,Residential,True,False,36.5,317323.93
Sector 45,9.78,4328.32,107.34,False,True,Agricultural,False,False,12.55,54789.39
Bani Park,18.67,2735.03,39.31,False,True,Commercial,True,False,13.08,38202.62
Tonk Road,11.5,2698.54,120.59,True,False,Commercial,False,False,13.27,38340.93
Jagatpura,9.72,584.96,172.47,True,True,Industrial,True,True,41.75,26705.19
Bani Park,3.37,687.63,199.35,True,True,Industrial,False,False,21.24,14082.51
Tonk Road,21.26,3460.62,34.2,True,True,Agricultural,False,True,19.45,68405.93
Goner,11.72,6263.8,38.95,True,False,Commercial,False,False,44.9,297674.02
Malviya Nagar,10.72,8889.53,115.29,True,True,Agricultural,False,True,18.67,175988.75
Sector 12,13.18,1941.28,103.31,True,True,Residential,False,False,18.08,38043.08
Tonk Road,15.7,3206.49,82.53,False,True,Industrial,False,False,17.93,55903.12
Sanganer,22.35,4476.93,64.24,True,True,Agricultural,False,True,43.79,195988.99
C Scheme,14.99,4017.1,133.33,False,False,Industrial,True,True,29.13,110808.31
Malviya Nagar,24.61,6052.89,125.82,False,False,Commercial,False,False,17.1,105214.24
Jagatpura,19.24,1520.39,125.62,False,False,Residential,True,False,39.44,55803.29
Vaishali Nagar,4.32,7830.7,163.79,True,False,Residential,False,False,38.05,284158.22
Vaishali Nagar,24.52,5612.86,74.43,False,True,Industrial,False,False,36.27,191241.44
Jagatpura,11.67,5494.92,57.57,False,False,Commercial,True,True,27.42,138653.49
Goner,16.71,2992.66,159.06,True,True,Commercial,False,False,14.62,44330.5
Bani Park,7.96,715.18,50.22,False,True,Commercial,True,False,20.8,13518.1
Tonk Road,21.27,9123.84,23.34,True,False,Industrial,True,True,44.25,408376.75
Goner,8.89,7745.09,123.81,False,True,Industrial,False,False,22.92,166408.56
Vaishali Nagar,7.49,6987.39,102.17,True,False,Agricultural,True,True,45.36,299534.71
Tonk Road,2.23,2841.54,195.2,False,False,Residential,False,True,26.73,69547.99
Sector 12,4.98,8927.72,114.82,True,True,Agricultural,True,False,21.41,207698.29
Goner,16.09,4748.81,60.17,True,True,Agricultural,True,True,15.66,73493.27
Goner,3.88,7549.65,198.55,True,False,Agricultural,True,True,29.76,202336.47
C Scheme,16.45,2042.92,192.02,True,False,Agricultural,True,False,18.95,35805.68
Vaishali Nagar,10.66,1003.36,82.38,True,True,Residential,False,True,19.65,17746.7
Bani Park,5.97,7614.52,20.75,False,True,Commercial,True,True,46.03,350385.25
Malviya Nagar,12.67,4339.37,194.35,True,True,Agricultural,True,False,38.59,167273.62
Jagatpura,6.46,4295.14,40.74,False,False,Commercial,True,False,48.21,204420.77
Sector 12,16.98,7238.91,151.57,False,False,Agricultural,True,False,12.03,89757.01
Tonk Road,7.23,7808.88,134.51,True,True,Residential,True,False,25.22,203160.73
Goner,12.89,9993.34,84.75,True,True,Residential,True,False,49.24,513825.29
Vaishali Nagar,0.88,9320.07,70.12,True,False,Industrial,True,True,18.99,186328.67
Tonk Road,9.23,7370.34,123.02,False,False,Commercial,False,False,13.66,101668.36
Jagatpura,19.17,4391.76,192.91,True,True,Agricultural,False,False,47.29,209848.76
Goner,24.22,1461.68,151.36,False,True,Industrial,False,False,26.15,38830.13
Bani Park,4.04,9582.98,93.77,False,False,Residential,False,True,38.77,388454.07
Vaishali Nagar,24.72,829.46,89.08,True,False,Industrial,False,False,26.96,21955.28
Tonk Road,5.0,5177.96,69.06,True,True,Agricultural,False,True,27.86,142957.44
Malviya Nagar,6.01,4091.55,51.56,False,False,Commercial,False,False,33.43,136944.16
Goner,21.04,9575.63,98.21,False,False,Agricultural,True,True,26.22,234203.57
Bani Park,11.1,586.69,108.94,False,False,Agricultural,False,True,25.7,16189.91
Bani Park,8.19,9014.61,34.65,False,True,Industrial,True,False,24.43,207024.34
Bani Park,20.95,4151.63,123.64,False,False,Agricultural,True,False,16.44,63169.09
Malviya Nagar,6.9,5154.62,39.97,False,False,Commercial,False,False,11.38,53929.37
Sanganer,16.34,1067.63,171.2,True,True,Residential,False,False,12.81,14208.26
Bani Park,10.03,2691.71,25.53,True,True,Industrial,True,False,16.44,45877.84
Bani Park,1.8,2642.6,55.43,False,False,Agricultural,True,True,12.18,29457.2
Vaishali Nagar,7.61,3552.78,124.13,True,False,Industrial,False,True,40.32,148969.37
Tonk Road,2.61,6773.01,154.28,False,True,Residential,False,True,35.65,225498.62
Malviya Nagar,2.7,7860.71,173.7,False,False,Industrial,False,False,18.49,137549.75
Bani Park,18.94,6519.06,145.5,True,False,Commercial,False,True,23.22,154183.91
Jagatpura,21.12,8199.4,55.82,False,True,Residential,False,True,42.78,316065.84
Tonk Road,9.6,8940.06,171.12,False,False,Agricultural,False,True,46.65,396818.39
Sector 12,4.98,8503.89,89.38,True,False,Agricultural,True,True,48.52,430824.87
Jagatpura,6.54,5159.6,157.85,False,True,Industrial,False,True,18.18,89540.94
C Scheme,19.92,3814.04,117.14,True,True,Agricultural,False,True,10.05,37249.36
Sector 45,20.46,1846.31,183.29,True,False,Industrial,True,False,46.66,93425.52
Malviya Nagar,0.63,2355.15,90.92,True,False,Commercial,True,False,35.62,86732.53
Malviya Nagar,11.03,6760.17,140.57,True,False,Agricultural,True,True,17.83,109896.05
Sanganer,12.63,1514.51,157.24,False,False,Industrial,True,False,30.52,42000.7
Malviya Nagar,6.86,7941.79,92.18,False,True,Residential,False,True,38.77,303217.49
Sector 45,21.01,5156.14,118.38,True,True,Agricultural,False,True,26.81,146386.11
C Scheme,3.52,3087.75,67.98,False,True,Agricultural,True,True,33.98,114248.49
Vaishali Nagar,11.78,2432.25,32.7,False,False,Industrial,True,True,39.02,101563.57
C Scheme,8.61,2079.31,118.5,False,False,Agricultural,True,False,21.89,44380.6
Malviya Nagar,5.41,9231.99,138.07,True,True,Agricultural,False,False,32.96,311178.83
Sanganer,7.7,955.02,112.23,True,False,Agricultural,False,False,36.97,31859.79
Malviya Nagar,14.16,4688.63,135.7,False,False,Industrial,False,False,21.04,101361.33
Bani Park,14.13,942.12,118.51,True,False,Commercial,False,True,45.56,40606.02
Bani Park,20.91,1130.8,89.61,True,False,Residential,True,True,28.47,32197.04
Sector 12,24.87,4384.82,127.67,True,True,Commercial,False,True,18.82,86098.07
Goner,17.35,9048.53,56.47,False,False,Residential,True,True,31.39,263045.6
Vaishali Nagar,22.71,7244.42,153.26,False,True,Industrial,True,True,49.85,325803.0
Sector 45,21.16,4545.0,124.23,False,True,Industrial,False,False,12.34,61240.77
C Scheme,12.25,7546.41,30.75,True,False,Agricultural,True,True,47.66,333132.72
Sanganer,17.21,8116.68,32.82,True,False,Industrial,True,True,42.6,359394.38
Jagatpura,17.19,1049.61,185.38,False,True,Industrial,False,False,37.19,36847.67
Vaishali Nagar,12.07,2047.92,70.65,True,False,Agricultural,False,True,18.62,41099.69
Sector 45,9.94,6528.28,98.2,False,False,Agricultural,True,True,41.29,282554.71
Tonk Road,23.57,1886.65,173.84,True,True,Residential,False,False,21.78,43269.91
Tonk Road,8.2,9279.25,173.4,False,False,Agricultural,False,True,11.58,102272.8
Sanganer,8.78,2924.45,21.76,False,False,Commercial,True,False,23.76,73275.91
C Scheme,9.49,7928.86,199.63,True,False,Industrial,False,True,25.57,185532.56
C Scheme,10.15,8910.1,77.92,False,False,Agricultural,True,False,42.16,348212.34
Tonk Road,20.2,6501.54,118.74,False,False,Industrial,True,True,49.98,353742.53
Tonk Road,3.83,7121.05,49.85,True,True,Commercial,False,True,26.85,191820.88
Sector 45,7.74,6569.32,81.97,True,True,Agricultural,True,True,38.98,237927.22
Bani Park,1.3,732.64,41.3,False,False,Commercial,True,False,10.49,7436.64
Sector 12,7.14,6869.29,176.39,True,True,Agricultural,True,False,12.84,94093.58
Sector 45,7.93,3641.74,56.54,True,False,Industrial,False,False,28.22,104033.9
Malviya Nagar,0.95,7804.79,123.91,True,True,Industrial,False,False,39.56,337913.3
Sanganer,18.74,6548.01,102.22,True,False,Residential,True,True,42.42,271653.63
Sector 45,9.68,4860.75,172.95,False,False,Residential,True,False,47.85,217300.53
C Scheme,4.31,9284.18,126.67,True,True,Agricultural,True,False,40.24,345658.67
Sector 45,5.46,3228.22,108.33,True,True,Commercial,False,False,30.71,91848.11
Tonk Road,10.78,6489.63,99.78,False,False,Agricultural,False,False,32.06,216101.43
Sector 12,10.04,3357.46,97.31,False,True,Residential,False,True,40.9,133014.36
Sector 12,13.31,5159.82,75.46,True,True,Commercial,False,True,26.37,131935.74
Sanganer,18.58,9631.31,13.97,False,False,Commercial,True,False,18.79,187945.3
Sector 12,15.15,9735.97,165.07,False,False,Agricultural,False,True,24.11,252236.5
Vaishali Nagar,19.5,8871.39,128.97,True,False,Industrial,False,False,20.08,192731.65
Tonk Road,13.84,5332.72,19.24,False,True,Residential,True,True,44.89,224847.53
Sector 12,14.77,1183.73,187.8,True,False,Agricultural,True,False,10.81,11678.03
Goner,7.25,7148.74,80.55,False,True,Residential,True,False,35.1,258777.73
Tonk Road,4.65,9183.69,114.29,True,True,Industrial,True,False,47.5,416467.38
C Scheme,8.28,9257.55,145.86,False,False,Residential,True,True,18.18,175593.05
Bani Park,0.71,8605.15,47.5,True,False,Commercial,True,True,45.17,423806.99
Jagatpura,14.14,4834.8,109.93,True,False,Commercial,True,True,28.05,124305.82
Malviya Nagar,12.6,4236.5,47.41,False,True,Agricultural,False,False,34.91,149462.94
Sector 12,11.24,1817.58,88.04,True,False,Residential,False,False,35.6,62537.88
Sector 12,18.16,2629.13,54.25,False,True,Residential,False,True,18.37,45544.04
Vaishali Nagar,10.85,2617.0,108.45,True,True,Residential,False,True,40.51,95680.91
Jagatpura,2.47,8323.21,91.34,True,True,Industrial,False,False,29.58,249487.85
Sector 45,6.85,7837.87,45.19,False,True,Industrial,False,True,27.88,234123.17
Sector 12,19.66,6403.54,135.58,False,False,Residential,False,True,17.31,108113.34
Sector 45,19.15,3739.11,153.0,True,False,Residential,True,True,36.63,127529.96
Sanganer,9.9,2844.51,71.64,False,True,Commercial,True,True,42.85,113885.57
Goner,8.35,5845.04,163.12,True,False,Commercial,True,True,12.16,64822.54
Goner,10.45,2363.29,18.73,False,False,Industrial,False,True,12.02,28496.06
Vaishali Nagar,15.14,1261.13,110.75,True,False,Residential,False,True,12.76,16353.01
Goner,22.21,8001.58,42.77,True,False,Agricultural,False,True,10.87,87645.9
Malviya Nagar,16.65,5071.34,68.41,True,True,Residential,True,False,27.47,145141.24
Tonk Road,12.02,4664.69,75.91,True,False,Agricultural,True,True,26.24,132045.43
Bani Park,1.66,9951.05,161.37,False,True,Industrial,True,True,28.21,278126.44
C Scheme,19.18,5392.93,176.09,True,True,Industrial,False,True,40.58,229640.89
Malviya Nagar,7.52,3598.73,187.08,False,True,Commercial,False,True,25.79,96140.7
Malviya Nagar,22.47,2494.19,157.52,False,True,Commercial,True,True,24.19,58211.55
C Scheme,0.59,2486.89,144.63,False,True,Industrial,True,True,20.81,55223.43
C Scheme,15.3,2443.93,181.48,False,False,Industrial,False,False,46.75,120444.48
Goner,6.87,4926.51,150.17,False,True,Commercial,False,True,46.46,233645.54
Sanganer,15.21,7363.21,78.83,True,False,Agricultural,False,False,23.97,184615.5
Bani Park,7.25,5802.94,105.5,False,False,Industrial,False,False,32.94,208347.76
Vaishali Nagar,10.92,7610.39,49.46,True,False,Agricultural,True,False,46.18,328618.48
C Scheme,9.18,1027.23,131.94,True,False,Commercial,False,True,25.59,25322.11
C Scheme,11.19,9536.54,57.83,True,True,Agricultural,True,True,27.51,251637.25
Sector 45,10.93,4178.6,153.93,False,True,Commercial,False,False,18.7,72280.23
Bani Park,21.99,3498.24,55.83,True,False,Commercial,False,False,31.21,112985.22
Bani Park,9.23,1052.25,102.68,False,True,Agricultural,True,True,16.91,16224.17
C Scheme,20.75,2057.8,21.99,True,False,Commercial,False,False,45.61,89490.12
Sanganer,20.33,9720.92,13.02,False,True,Commercial,False,True,46.39,483530.55
Tonk Road,1.68,8980.94,158.6,True,False,Industrial,False,True,21.86,202159.31
Sector 45,8.83,9536.71,148.98,True,False,Industrial,False,False,23.28,233936.12
Sector 45,6.04,7292.91,138.29,False,True,Industrial,True,False,29.7,196728.33
Jagatpura,2.25,752.19,168.78,True,False,Agricultural,False,False,43.71,29707.84
Sanganer,4.9,2495.47,19.0,True,False,Residential,True,False,17.39,45421.33
Sector 12,3.62,3785.57,36.0,True,False,Commercial,False,False,18.95,72855.84
C Scheme,21.52,1110.21,177.73,False,False,Agricultural,True,True,14.99,17658.34
Tonk Road,8.93,2900.9,49.85,True,False,Residential,True,True,44.37,127125.33
Sector 12,2.62,4195.59,178.45,True,False,Commercial,True,True,20.09,90130.69
Sector 12,2.11,2197.35,162.91,True,False,Residential,True,True,24.89,56360.19
Vaishali Nagar,24.08,1884.91,25.87,True,False,Residential,False,True,41.88,80701.69
Sector 45,22.83,7661.32,169.3,False,False,Commercial,False,True,22.41,184754.96
Sanganer,9.12,3032.34,85.84,False,False,Industrial,False,True,21.2,69546.37
Tonk Road,1.88,7240.28,186.8,True,True,Agricultural,True,False,42.38,333544.13
Goner,14.84,3607.25,82.74,True,True,Residential,True,False,14.33,52719.58
Sanganer,16.41,4012.86,173.63,True,True,Industrial,True,False,27.23,114061.86
Tonk Road,11.51,7669.63,109.83,True,False,Industrial,True,True,20.4,148149.57
Goner,22.75,9106.2,150.56,True,True,Residential,False,True,30.47,301139.35
Sector 45,22.48,4889.28,98.22,True,True,Industrial,True,True,13.02,68123.96
Malviya Nagar,6.53,5692.31,170.61,False,False,Residential,False,False,27.36,147876.01
Jagatpura,10.24,4965.63,162.85,True,True,Residential,False,True,10.65,57134.23
Malviya Nagar,20.14,2272.01,78.33,True,True,Residential,True,True,10.74,23915.85
Vaishali Nagar,23.93,641.15,148.78,True,True,Residential,False,False,48.0,28667.17
C Scheme,17.9,9972.77,61.15,False,True,Commercial,False,True,23.93,224994.06
Sector 45,11.05,975.35,107.97,True,True,Residential,False,False,28.1,28386.98
Bani Park,4.16,4851.91,30.42,True,False,Industrial,False,False,42.75,217222.68
Malviya Nagar,12.65,855.55,14.18,True,True,Commercial,True,True,18.88,15747.63
Malviya Nagar,6.09,9306.24,30.93,False,True,Industrial,False,False,23.81,230309.33
Jagatpura,7.01,8436.09,152.03,True,False,Industrial,False,False,20.75,170384.92
Bani Park,7.94,6966.75,156.72,False,True,Agricultural,False,False,23.72,157375.0
Goner,19.36,5867.9,46.01,True,True,Residential,True,False,18.07,97601.04
Bani Park,2.52,6907.6,57.29,True,True,Commercial,False,False,23.19,162285.41
Sanganer,16.46,6749.81,73.72,False,True,Industrial,False,False,38.02,260541.35
Sector 45,13.49,8637.61,100.86,False,False,Industrial,False,False,48.65,392822.1
Tonk Road,16.35,2886.43,19.3,False,True,Residential,True,False,40.3,124478.91
Jagatpura,18.78,8192.8,177.38,False,True,Residential,False,False,24.2,180536.67
